acct_group_id,type_cd,cat_cd,int_rate
A000000000,01,1,15.00
A000000000,01,2,25.00
A000000000,01,3,25.00
A000000000,01,4,25.00
A000000000,02,1,0.00
A000000000,02,2,0.00
A000000000,02,3,0.00
A000000000,03,1,0.00
A000000000,03,2,0.00
A000000000,03,3,0.00
A000000000,04,1,15.00
A000000000,04,2,15.00
A000000000,04,3,15.00
A000000000,05,1,15.00
A000000000,06,1,15.00
A000000000,06,2,15.00
A000000000,07,1,15.00
DEFAULT,01,1,15.00
DEFAULT,01,2,25.00
DEFAULT,01,3,25.00
DEFAULT,01,4,25.00
DEFAULT,02,1,0.00
DEFAULT,02,2,0.00
DEFAULT,02,3,0.00
DEFAULT,03,1,0.00
DEFAULT,03,2,0.00
DEFAULT,03,3,0.00
DEFAULT,04,1,15.00
DEFAULT,04,2,15.00
DEFAULT,04,3,15.00
DEFAULT,05,1,15.00
DEFAULT,06,1,15.00
DEFAULT,06,2,15.00
DEFAULT,07,1,15.00
ZEROAPR,01,1,0.00
ZEROAPR,01,2,0.00
ZEROAPR,01,3,0.00
ZEROAPR,01,4,0.00
ZEROAPR,02,1,0.00
ZEROAPR,02,2,0.00
ZEROAPR,02,3,0.00
ZEROAPR,03,1,0.00
ZEROAPR,03,2,0.00
ZEROAPR,03,3,0.00
ZEROAPR,04,1,0.00
ZEROAPR,04,2,0.00
ZEROAPR,04,3,0.00
ZEROAPR,05,1,0.00
ZEROAPR,06,1,0.00
ZEROAPR,06,2,0.00
ZEROAPR,07,1,0.00
