acct_id,cust_id,auth_status,account_status,credit_limit,cash_limit,credit_balance,cash_balance,approved_auth_cnt,declined_auth_cnt,approved_auth_amt,declined_auth_amt
1,1,,"{NULL,NULL,NULL,NULL,""00""}",2022.00,1020.00,9.44,0.00,6,0,9.44,0.00
5,5,,"{NULL,NULL,NULL,NULL,""00""}",3819.00,2430.00,1.31,0.00,1,0,1.31,0.00
7,7,,"{NULL,NULL,NULL,NULL,NULL}",2065.00,264.00,74.79,0.00,50,0,74.79,0.00
13,13,,"{NULL,NULL,NULL,NULL,NULL}",7542.00,4922.00,1254.71,0.00,58,0,1254.71,0.00
15,15,,"{NULL,NULL,NULL,NULL,""00""}",8441.00,3833.00,40.33,0.00,17,0,40.33,0.00
16,16,,"{NULL,NULL,NULL,NULL,""00""}",8922.00,2632.00,12.39,0.00,11,0,12.39,0.00
17,17,,"{NULL,NULL,NULL,NULL,""00""}",568.00,510.00,12.20,0.00,2,0,12.20,0.00
18,18,,"{NULL,NULL,NULL,NULL,NULL}",2903.00,1496.00,179.44,0.00,5,0,179.44,0.00
23,23,,"{NULL,NULL,NULL,NULL,""00""}",3377.00,2904.00,15.85,0.00,5,0,15.85,0.00
29,29,,"{NULL,NULL,NULL,NULL,""00""}",5511.00,4361.00,0.99,0.00,1,0,0.99,0.00
30,30,,"{NULL,NULL,NULL,NULL,""00""}",120.00,93.00,0.99,0.00,1,0,0.99,0.00
31,31,,"{NULL,NULL,NULL,NULL,""00""}",1140.00,1077.00,1.31,0.00,1,0,1.31,0.00
32,32,,"{NULL,NULL,NULL,NULL,""00""}",1175.00,846.00,8.97,0.00,3,0,8.97,0.00
33,33,,"{NULL,NULL,NULL,NULL,""00""}",6404.00,951.00,2.30,0.00,2,0,2.30,0.00
34,34,,"{NULL,NULL,NULL,NULL,""00""}",3642.00,2770.00,123.50,0.00,6,0,123.50,0.00
38,38,,"{NULL,NULL,NULL,NULL,""00""}",6505.00,3476.00,12.20,0.00,2,0,12.20,0.00
42,42,,"{NULL,NULL,NULL,NULL,""00""}",6563.00,5103.00,38.61,0.00,8,0,38.61,0.00
45,45,,"{NULL,NULL,NULL,NULL,""00""}",2719.00,688.00,2.98,0.00,2,0,2.98,0.00
46,46,,"{NULL,NULL,NULL,NULL,""00""}",7007.00,5438.00,14.94,0.00,6,0,14.94,0.00
47,47,,"{NULL,NULL,NULL,NULL,""00""}",2338.00,159.00,2.30,0.00,2,0,2.30,0.00
48,48,,"{NULL,NULL,NULL,NULL,""00""}",2306.00,612.00,28.75,0.00,13,0,28.75,0.00
