user_id,first_name,last_name,password_hash,user_type
ADMIN001,MARGARET,GOLD,$2b$10$vPA8ZeiuHxjs2GJCOuQHkeqJ6mFgAX5Ggt5oKkkxH7l9r6c/HgPVS,A
ADMIN002,RUSSELL,RUSSELL,$2b$10$dBbyHVWZx7NJh5Bzgdj4NuxLnhmKixkbs7FHc2Cv7tdk5gNc6I/1G,A
ADMIN003,RAYMOND,WHITMORE,$2b$10$TVftOEcWOEJPUZvas6pul.nEAPv0W8YrlK6AwwUb3tc3qB99s8p/K,A
ADMIN004,EMMANUEL,CASGRAIN,$2b$10$vefVxNdDUgW3eedMwyzVFeM7iB9msbsakGqVyklYsxxsFUBMcPVx.,A
ADMIN005,GRANVILLE,LACHAPELLE,$2b$10$rhMQna9bU9.bG0xiMZpJIuOahjTOROm3OqmBg7HvxvVwyt6R9oMRi,A
USER0001,LAWRENCE,THOMAS,$2b$10$kfcUfbj91eHqaCo3jtjG4umrImJ8IFIiMLIiSJlE2CME8NS287HS2,U
USER0002,AJITH,KUMAR,$2b$10$Sbusk1jtL5QWW.WW/ZiXtegoglKrANvR2nEOi7tMFgrK1Wdln0aye,U
USER0003,LAURITZ,ALME,$2b$10$MTjtugLH/Tbebcga.kULj.bqU3mHwIWSNTmt4LoUeKnd8pokPRqJ6,U
USER0004,AVERARDO,MAZZI,$2b$10$46GIzZLXCm7/8Z/xGf5LSu5hlrpF2aZVdSzlXtmfre5XceFcTDfgK,U
USER0005,LEE,TING,$2b$10$TAIAsPqMGBZraQ.4cwXYU..bi3w8aCSnt00wyAAR4sVxE5WGHP1jq,U
