# Copybook leaf field -> PostgreSQL column (docs/modernization/03-data-model.md, Flyway V2__core_schema.sql).
# One line per elementary item of the 11 VSAM/sequential layouts; an empty table/column means "not stored"
# (FILLER, ADR-0011). Checked by CopybookColumnMapTest (every leaf mapped) and CoreSchemaIT (types, load).
copybook,dataset,field,table,column
CSUSR01Y,USRSEC,SEC-USR-ID,user_security,usr_id
CSUSR01Y,USRSEC,SEC-USR-FNAME,user_security,first_name
CSUSR01Y,USRSEC,SEC-USR-LNAME,user_security,last_name
CSUSR01Y,USRSEC,SEC-USR-PWD,user_security,password
CSUSR01Y,USRSEC,SEC-USR-TYPE,user_security,usr_type
CSUSR01Y,USRSEC,SEC-USR-FILLER,,
CVCUS01Y,CUSTDATA,CUST-ID,customer,cust_id
CVCUS01Y,CUSTDATA,CUST-FIRST-NAME,customer,first_name
CVCUS01Y,CUSTDATA,CUST-MIDDLE-NAME,customer,middle_name
CVCUS01Y,CUSTDATA,CUST-LAST-NAME,customer,last_name
CVCUS01Y,CUSTDATA,CUST-ADDR-LINE-1,customer,addr_line_1
CVCUS01Y,CUSTDATA,CUST-ADDR-LINE-2,customer,addr_line_2
CVCUS01Y,CUSTDATA,CUST-ADDR-LINE-3,customer,addr_line_3
CVCUS01Y,CUSTDATA,CUST-ADDR-STATE-CD,customer,addr_state_cd
CVCUS01Y,CUSTDATA,CUST-ADDR-COUNTRY-CD,customer,addr_country_cd
CVCUS01Y,CUSTDATA,CUST-ADDR-ZIP,customer,addr_zip
CVCUS01Y,CUSTDATA,CUST-PHONE-NUM-1,customer,phone_num_1
CVCUS01Y,CUSTDATA,CUST-PHONE-NUM-2,customer,phone_num_2
CVCUS01Y,CUSTDATA,CUST-SSN,customer,ssn
CVCUS01Y,CUSTDATA,CUST-GOVT-ISSUED-ID,customer,govt_issued_id
CVCUS01Y,CUSTDATA,CUST-DOB-YYYY-MM-DD,customer,dob
CVCUS01Y,CUSTDATA,CUST-EFT-ACCOUNT-ID,customer,eft_account_id
CVCUS01Y,CUSTDATA,CUST-PRI-CARD-HOLDER-IND,customer,pri_card_holder_ind
CVCUS01Y,CUSTDATA,CUST-FICO-CREDIT-SCORE,customer,fico_credit_score
CVCUS01Y,CUSTDATA,FILLER,,
CVACT01Y,ACCTDATA,ACCT-ID,account,acct_id
CVACT01Y,ACCTDATA,ACCT-ACTIVE-STATUS,account,active_status
CVACT01Y,ACCTDATA,ACCT-CURR-BAL,account,curr_bal
CVACT01Y,ACCTDATA,ACCT-CREDIT-LIMIT,account,credit_limit
CVACT01Y,ACCTDATA,ACCT-CASH-CREDIT-LIMIT,account,cash_credit_limit
CVACT01Y,ACCTDATA,ACCT-OPEN-DATE,account,open_date
CVACT01Y,ACCTDATA,ACCT-EXPIRAION-DATE,account,expiration_date
CVACT01Y,ACCTDATA,ACCT-REISSUE-DATE,account,reissue_date
CVACT01Y,ACCTDATA,ACCT-CURR-CYC-CREDIT,account,curr_cyc_credit
CVACT01Y,ACCTDATA,ACCT-CURR-CYC-DEBIT,account,curr_cyc_debit
CVACT01Y,ACCTDATA,ACCT-ADDR-ZIP,account,addr_zip
CVACT01Y,ACCTDATA,ACCT-GROUP-ID,account,group_id
CVACT01Y,ACCTDATA,FILLER,,
CVACT02Y,CARDDATA,CARD-NUM,card,card_num
CVACT02Y,CARDDATA,CARD-ACCT-ID,card,acct_id
CVACT02Y,CARDDATA,CARD-CVV-CD,card,cvv_cd
CVACT02Y,CARDDATA,CARD-EMBOSSED-NAME,card,embossed_name
CVACT02Y,CARDDATA,CARD-EXPIRAION-DATE,card,expiration_date
CVACT02Y,CARDDATA,CARD-ACTIVE-STATUS,card,active_status
CVACT02Y,CARDDATA,FILLER,,
CVACT03Y,CARDXREF,XREF-CARD-NUM,card_xref,card_num
CVACT03Y,CARDXREF,XREF-CUST-ID,card_xref,cust_id
CVACT03Y,CARDXREF,XREF-ACCT-ID,card_xref,acct_id
CVACT03Y,CARDXREF,FILLER,,
CVTRA05Y,TRANSACT,TRAN-ID,transaction,tran_id
CVTRA05Y,TRANSACT,TRAN-TYPE-CD,transaction,tran_type_cd
CVTRA05Y,TRANSACT,TRAN-CAT-CD,transaction,tran_cat_cd
CVTRA05Y,TRANSACT,TRAN-SOURCE,transaction,source
CVTRA05Y,TRANSACT,TRAN-DESC,transaction,description
CVTRA05Y,TRANSACT,TRAN-AMT,transaction,amount
CVTRA05Y,TRANSACT,TRAN-MERCHANT-ID,transaction,merchant_id
CVTRA05Y,TRANSACT,TRAN-MERCHANT-NAME,transaction,merchant_name
CVTRA05Y,TRANSACT,TRAN-MERCHANT-CITY,transaction,merchant_city
CVTRA05Y,TRANSACT,TRAN-MERCHANT-ZIP,transaction,merchant_zip
CVTRA05Y,TRANSACT,TRAN-CARD-NUM,transaction,card_num
CVTRA05Y,TRANSACT,TRAN-ORIG-TS,transaction,orig_ts
CVTRA05Y,TRANSACT,TRAN-PROC-TS,transaction,proc_ts
CVTRA05Y,TRANSACT,FILLER,,
CVTRA06Y,DALYTRAN,DALYTRAN-ID,daily_transaction,tran_id
CVTRA06Y,DALYTRAN,DALYTRAN-TYPE-CD,daily_transaction,tran_type_cd
CVTRA06Y,DALYTRAN,DALYTRAN-CAT-CD,daily_transaction,tran_cat_cd
CVTRA06Y,DALYTRAN,DALYTRAN-SOURCE,daily_transaction,source
CVTRA06Y,DALYTRAN,DALYTRAN-DESC,daily_transaction,description
CVTRA06Y,DALYTRAN,DALYTRAN-AMT,daily_transaction,amount
CVTRA06Y,DALYTRAN,DALYTRAN-MERCHANT-ID,daily_transaction,merchant_id
CVTRA06Y,DALYTRAN,DALYTRAN-MERCHANT-NAME,daily_transaction,merchant_name
CVTRA06Y,DALYTRAN,DALYTRAN-MERCHANT-CITY,daily_transaction,merchant_city
CVTRA06Y,DALYTRAN,DALYTRAN-MERCHANT-ZIP,daily_transaction,merchant_zip
CVTRA06Y,DALYTRAN,DALYTRAN-CARD-NUM,daily_transaction,card_num
CVTRA06Y,DALYTRAN,DALYTRAN-ORIG-TS,daily_transaction,orig_ts
CVTRA06Y,DALYTRAN,DALYTRAN-PROC-TS,daily_transaction,proc_ts
CVTRA06Y,DALYTRAN,FILLER,,
CVTRA01Y,TCATBALF,TRANCAT-ACCT-ID,tran_cat_balance,acct_id
CVTRA01Y,TCATBALF,TRANCAT-TYPE-CD,tran_cat_balance,tran_type_cd
CVTRA01Y,TCATBALF,TRANCAT-CD,tran_cat_balance,tran_cat_cd
CVTRA01Y,TCATBALF,TRAN-CAT-BAL,tran_cat_balance,balance
CVTRA01Y,TCATBALF,FILLER,,
CVTRA02Y,DISCGRP,DIS-ACCT-GROUP-ID,disclosure_group,acct_group_id
CVTRA02Y,DISCGRP,DIS-TRAN-TYPE-CD,disclosure_group,tran_type_cd
CVTRA02Y,DISCGRP,DIS-TRAN-CAT-CD,disclosure_group,tran_cat_cd
CVTRA02Y,DISCGRP,DIS-INT-RATE,disclosure_group,int_rate
CVTRA02Y,DISCGRP,FILLER,,
CVTRA03Y,TRANTYPE,TRAN-TYPE,transaction_type,tran_type_cd
CVTRA03Y,TRANTYPE,TRAN-TYPE-DESC,transaction_type,description
CVTRA03Y,TRANTYPE,FILLER,,
CVTRA04Y,TRANCATG,TRAN-TYPE-CD,transaction_category,tran_type_cd
CVTRA04Y,TRANCATG,TRAN-CAT-CD,transaction_category,tran_cat_cd
CVTRA04Y,TRANCATG,TRAN-CAT-TYPE-DESC,transaction_category,description
CVTRA04Y,TRANCATG,FILLER,,
