rec_type,export_ts,sequence_num,branch_id,region_code,card_num,acct_id,cvv_cd,embossed_name,expiration_date,active_status
D,2025-09-28 22:53:40.000000,460,0001,NORTH,0500024453765740,50,747,Aniya Von,2023-03-09,Y
D,2025-09-28 22:53:40.000000,461,0001,NORTH,0683586198171516,27,567,Ward Jones,2025-07-13,Y
D,2025-09-28 22:53:40.000000,462,0001,NORTH,0923877193247330,2,28,Enrico Rosenbaum,2024-08-11,Y
D,2025-09-28 22:53:40.000000,463,0001,NORTH,0927987108636232,20,3,Carter Veum,2024-03-13,Y
D,2025-09-28 22:53:40.000000,464,0001,NORTH,0982496213629795,12,75,Maci Robel,2023-07-07,Y
D,2025-09-28 22:53:40.000000,465,0001,NORTH,1014086565224350,44,640,Irving Emard,2024-01-17,Y
D,2025-09-28 22:53:40.000000,466,0001,NORTH,1142167692878931,37,625,Shany Walker,2023-10-24,Y
D,2025-09-28 22:53:40.000000,467,0001,NORTH,1561409106491600,35,31,Angelica Dach,2025-09-23,Y
D,2025-09-28 22:53:40.000000,468,0001,NORTH,2745303720002090,39,33,Aliyah Berge,2025-09-08,Y
D,2025-09-28 22:53:40.000000,469,0001,NORTH,2760836797107565,24,859,Stefanie Dickinson,2025-02-11,Y
D,2025-09-28 22:53:40.000000,470,0001,NORTH,2871968252812490,6,775,Ignacio Douglas,2025-10-08,Y
D,2025-09-28 22:53:40.000000,471,0001,NORTH,2940139362300449,22,876,Allene Brown,2025-12-28,Y
D,2025-09-28 22:53:40.000000,472,0001,NORTH,2988091353094312,4,795,Delbert Parisian,2023-12-16,Y
D,2025-09-28 22:53:40.000000,473,0001,NORTH,3260763612337560,10,342,Maybell Mann,2023-01-27,Y
D,2025-09-28 22:53:40.000000,474,0001,NORTH,3766281984155154,41,622,Lucinda Dach,2023-04-24,Y
D,2025-09-28 22:53:40.000000,475,0001,NORTH,3940246016141489,19,375,Hadley Hamill,2025-07-23,Y
D,2025-09-28 22:53:40.000000,476,0001,NORTH,3999169246375885,3,317,Larry Homenick,2024-01-10,Y
D,2025-09-28 22:53:40.000000,477,0001,NORTH,4011500891777367,13,390,Mariane Fadel,2024-08-04,Y
D,2025-09-28 22:53:40.000000,478,0001,NORTH,4385271476627819,34,709,Faustino Schmidt,2025-10-06,Y
D,2025-09-28 22:53:40.000000,479,0001,NORTH,4534784102713951,36,644,Toney Gerhold,2024-12-23,Y
D,2025-09-28 22:53:40.000000,480,0001,NORTH,4859452612877065,7,321,Cooper Mayert,2024-12-13,Y
D,2025-09-28 22:53:40.000000,481,0001,NORTH,5407099850479866,21,524,Jerrold Maggio,2023-01-06,Y
D,2025-09-28 22:53:40.000000,482,0001,NORTH,5656830544981216,46,196,Cindy Cremin,2025-06-20,Y
D,2025-09-28 22:53:40.000000,483,0001,NORTH,5671184478505844,18,137,Emile White,2023-09-10,Y
D,2025-09-28 22:53:40.000000,484,0001,NORTH,5787351228879339,47,67,Rigoberto Hoeger,2025-08-23,Y
D,2025-09-28 22:53:40.000000,485,0001,NORTH,5975117516616077,42,426,Heather Nienow,2025-09-19,Y
D,2025-09-28 22:53:40.000000,486,0001,NORTH,6009619150674526,5,21,Treva Schowalter,2025-03-09,Y
D,2025-09-28 22:53:40.000000,487,0001,NORTH,6349250331648509,15,735,Aubree Hermann,2025-06-09,Y
D,2025-09-28 22:53:40.000000,488,0001,NORTH,6503535181795992,48,413,Lyric Pacocha,2025-02-06,Y
D,2025-09-28 22:53:40.000000,489,0001,NORTH,6509230362553816,30,236,Layla Ullrich,2024-06-27,Y
D,2025-09-28 22:53:40.000000,490,0001,NORTH,6723000463207764,28,486,Hester Hane,2024-05-09,Y
D,2025-09-28 22:53:40.000000,491,0001,NORTH,6727055190616014,16,641,Carroll Bergstrom,2024-01-25,Y
D,2025-09-28 22:53:40.000000,492,0001,NORTH,6832676047698087,33,983,Bernice Herman,2025-10-07,Y
D,2025-09-28 22:53:40.000000,493,0001,NORTH,7026637615032277,31,920,Lucious O'Connell,2025-06-08,Y
D,2025-09-28 22:53:40.000000,494,0001,NORTH,7058267261837752,43,401,Britney Waters,2025-08-29,Y
D,2025-09-28 22:53:40.000000,495,0001,NORTH,7094142751055551,32,659,Stephany Fisher,2025-05-19,Y
D,2025-09-28 22:53:40.000000,496,0001,NORTH,7251508149188883,29,717,Rickie Daugherty,2024-06-04,Y
D,2025-09-28 22:53:40.000000,497,0001,NORTH,7379335634661142,45,134,Dixie Beier,2025-07-09,Y
D,2025-09-28 22:53:40.000000,498,0001,NORTH,7427684863423209,11,892,Hayden Pfannerstill,2025-03-12,Y
D,2025-09-28 22:53:40.000000,499,0001,NORTH,7443870988897530,38,708,Angela Ankunding,2023-07-23,Y
D,2025-09-28 22:53:40.000000,500,0001,NORTH,8040580410348680,26,971,Marjory Stracke,2024-12-19,Y
D,2025-09-28 22:53:40.000000,501,0001,NORTH,8112545834239735,23,440,Johnson Ruecker,2025-03-18,Y
D,2025-09-28 22:53:40.000000,502,0001,NORTH,8262593602473076,49,457,Immanuel Bednar,2023-09-17,Y
D,2025-09-28 22:53:40.000000,503,0001,NORTH,8517866958206008,14,955,Chelsea Marks,2025-12-11,Y
D,2025-09-28 22:53:40.000000,504,0001,NORTH,8931369351894783,8,230,Kelsie Dicki,2024-05-20,Y
D,2025-09-28 22:53:40.000000,505,0001,NORTH,9056297931664011,25,931,Elliott Howell,2025-07-10,Y
D,2025-09-28 22:53:40.000000,506,0001,NORTH,9349107475869214,17,218,Sigrid Mann,2025-03-01,Y
D,2025-09-28 22:53:40.000000,507,0001,NORTH,9501733721429893,9,725,Melvin Ondricka,2024-12-27,Y
D,2025-09-28 22:53:40.000000,508,0001,NORTH,9680294154603697,1,45,Immanuel Kessler,2025-05-20,Y
D,2025-09-28 22:53:40.000000,509,0001,NORTH,9805583408996588,40,908,Davon Emmerich,2023-10-27,Y
