rec_type,export_ts,sequence_num,branch_id,region_code,card_num,cust_id,acct_id
X,2025-09-28 22:53:40.000000,101,0001,NORTH,0500024453765740,50,50
X,2025-09-28 22:53:40.000000,102,0001,NORTH,0683586198171516,27,27
X,2025-09-28 22:53:40.000000,103,0001,NORTH,0923877193247330,2,2
X,2025-09-28 22:53:40.000000,104,0001,NORTH,0927987108636232,20,20
X,2025-09-28 22:53:40.000000,105,0001,NORTH,0982496213629795,12,12
X,2025-09-28 22:53:40.000000,106,0001,NORTH,1014086565224350,44,44
X,2025-09-28 22:53:40.000000,107,0001,NORTH,1142167692878931,37,37
X,2025-09-28 22:53:40.000000,108,0001,NORTH,1561409106491600,35,35
X,2025-09-28 22:53:40.000000,109,0001,NORTH,2745303720002090,39,39
X,2025-09-28 22:53:40.000000,110,0001,NORTH,2760836797107565,24,24
X,2025-09-28 22:53:40.000000,111,0001,NORTH,2871968252812490,6,6
X,2025-09-28 22:53:40.000000,112,0001,NORTH,2940139362300449,22,22
X,2025-09-28 22:53:40.000000,113,0001,NORTH,2988091353094312,4,4
X,2025-09-28 22:53:40.000000,114,0001,NORTH,3260763612337560,10,10
X,2025-09-28 22:53:40.000000,115,0001,NORTH,3766281984155154,41,41
X,2025-09-28 22:53:40.000000,116,0001,NORTH,3940246016141489,19,19
X,2025-09-28 22:53:40.000000,117,0001,NORTH,3999169246375885,3,3
X,2025-09-28 22:53:40.000000,118,0001,NORTH,4011500891777367,13,13
X,2025-09-28 22:53:40.000000,119,0001,NORTH,4385271476627819,34,34
X,2025-09-28 22:53:40.000000,120,0001,NORTH,4534784102713951,36,36
X,2025-09-28 22:53:40.000000,121,0001,NORTH,4859452612877065,7,7
X,2025-09-28 22:53:40.000000,122,0001,NORTH,5407099850479866,21,21
X,2025-09-28 22:53:40.000000,123,0001,NORTH,5656830544981216,46,46
X,2025-09-28 22:53:40.000000,124,0001,NORTH,5671184478505844,18,18
X,2025-09-28 22:53:40.000000,125,0001,NORTH,5787351228879339,47,47
X,2025-09-28 22:53:40.000000,126,0001,NORTH,5975117516616077,42,42
X,2025-09-28 22:53:40.000000,127,0001,NORTH,6009619150674526,5,5
X,2025-09-28 22:53:40.000000,128,0001,NORTH,6349250331648509,15,15
X,2025-09-28 22:53:40.000000,129,0001,NORTH,6503535181795992,48,48
X,2025-09-28 22:53:40.000000,130,0001,NORTH,6509230362553816,30,30
X,2025-09-28 22:53:40.000000,131,0001,NORTH,6723000463207764,28,28
X,2025-09-28 22:53:40.000000,132,0001,NORTH,6727055190616014,16,16
X,2025-09-28 22:53:40.000000,133,0001,NORTH,6832676047698087,33,33
X,2025-09-28 22:53:40.000000,134,0001,NORTH,7026637615032277,31,31
X,2025-09-28 22:53:40.000000,135,0001,NORTH,7058267261837752,43,43
X,2025-09-28 22:53:40.000000,136,0001,NORTH,7094142751055551,32,32
X,2025-09-28 22:53:40.000000,137,0001,NORTH,7251508149188883,29,29
X,2025-09-28 22:53:40.000000,138,0001,NORTH,7379335634661142,45,45
X,2025-09-28 22:53:40.000000,139,0001,NORTH,7427684863423209,11,11
X,2025-09-28 22:53:40.000000,140,0001,NORTH,7443870988897530,38,38
X,2025-09-28 22:53:40.000000,141,0001,NORTH,8040580410348680,26,26
X,2025-09-28 22:53:40.000000,142,0001,NORTH,8112545834239735,23,23
X,2025-09-28 22:53:40.000000,143,0001,NORTH,8262593602473076,49,49
X,2025-09-28 22:53:40.000000,144,0001,NORTH,8517866958206008,14,14
X,2025-09-28 22:53:40.000000,145,0001,NORTH,8931369351894783,8,8
X,2025-09-28 22:53:40.000000,146,0001,NORTH,9056297931664011,25,25
X,2025-09-28 22:53:40.000000,147,0001,NORTH,9349107475869214,17,17
X,2025-09-28 22:53:40.000000,148,0001,NORTH,9501733721429893,9,9
X,2025-09-28 22:53:40.000000,149,0001,NORTH,9680294154603697,1,1
X,2025-09-28 22:53:40.000000,150,0001,NORTH,9805583408996588,40,40
